{
  "project_info": {
    "project_number": "192110231956",
    "project_id": "hungryrestaurant",
    "storage_bucket": "hungryrestaurant.appspot.com"
  },
  "client": [
    {
      "client_info": {
        "mobilesdk_app_id": "1:192110231956:android:443f07d896f1f7d3bb8f81",
        "android_client_info": {
          "package_name": "com.example.hungryrrestaurant"
        }
      },
      "oauth_client": [
        {
          "client_id": "192110231956-qvtei8u2e5drv7ej42mncmqlt4j2ji0r.apps.googleusercontent.com",
          "client_type": 1,
          "android_info": {
            "package_name": "com.example.hungryrrestaurant",
            "certificate_hash": "dd4d201226dca87e63ec03fb4a2ef7db7efa5f04"
          }
        },
        {
          "client_id": "192110231956-2roub9ttc5dti20hnmnckqubu1ikvqu1.apps.googleusercontent.com",
          "client_type": 3
        }
      ],
      "api_key": [
        {
          "current_key": "AIzaSyC3Es31yY0xkXU3EhBooO_oLfHfkeFsQK8"
        }
      ],
      "services": {
        "appinvite_service": {
          "other_platform_oauth_client": [
            {
              "client_id": "192110231956-2roub9ttc5dti20hnmnckqubu1ikvqu1.apps.googleusercontent.com",
              "client_type": 3
            }
          ]
        }
      }
    }
  ],
  "configuration_version": "1"
}